,file,pred
0,53.png,anry
1,101.png,a
2,38.png,the
3,46.png,l
4,27.png,tic
5,11.png,Inteilcctual
6,115.png,Cornpany
7,37.png,with
8,65.png,arly
9,8.png,tcrins
10,2.png,that
11,118.png,as
12,91.png,each
13,92.png,agree
14,112.png,may
15,3.png,my
16,42.png,not
17,14.png,will
18,102.png,breach
19,69.png,verify
20,76.png,out
21,10.png,this
22,20.png,keep
23,47.png,agree
24,7.png,the
25,63.png,to
26,67.png,oath
27,81.png,Intcllectual
28,86.png,Keliet
29,4.png,performance
30,55.png,or
31,93.png,tnat
32,9.png,of
33,30.png,or
34,103.png,of
35,1.png,represent
36,111.png,Agreement
37,104.png,the
38,62.png,agree
39,44.png,into
40,109.png,Intellectual
41,22.png,confidence
42,33.png,prior
43,52.png,into
44,64.png,execute
45,19.png,to
46,31.png,in
47,24.png,information
48,78.png,terrns
49,15.png,not
50,113.png,cause
51,70.png,any
52,35.png,my
53,48.png,I
54,89.png,and
55,82.png,Property
56,110.png,Property
57,83.png,Agreement
58,75.png,carry
59,80.png,this
60,40.png,l
61,39.png,Company
62,34.png,to
63,98.png,arising
64,41.png,have
65,26.png,by
66,73.png,required
67,105.png,covenants
68,56.png,written
69,88.png,Company
70,45.png,and
71,17.png,any
72,96.png,to
73,5.png,of
74,116.png,or
75,114.png,Lhe
76,95.png,relating
77,60.png,herewith
78,32.png,trust
79,59.png,conilict
80,90.png,I
81,108.png,this
82,12.png,Propcrty
83,84.png,7
84,94.png,disputes
85,6.png,ali
86,18.png,agreement
87,68.png,or
88,77.png,the
89,21.png,in
90,85.png,Equitable
91,79.png,of
92,74.png,to
93,51.png,enter
94,43.png,entered
95,29.png,confidence
96,99.png,out
97,72.png,document
98,0.png,in
99,100.png,of
100,107.png,in
101,71.png,proper
102,16.png,breach
103,50.png,not
104,106.png,contained
105,36.png,Relationship
106,54.png,orall
107,23.png,proprictary
108,61.png,l
109,87.png,The
110,66.png,proper
111,13.png,Agrecment
112,49.png,Will
113,117.png,inte
114,25.png,acquired
115,57.png,agreement
116,97.png,or
117,28.png,in
118,58.png,in
119,286.png,Property
120,262.png,any
121,248.png,the
122,171.png,no
123,236.png,hereby
124,186.png,the
125,212.png,governed
126,295.png,understanding
127,166.png,The
128,256.png,federal
129,268.png,party
130,174.png,other
131,163.png,other
132,245.png,and
133,287.png,Agreement
134,145.png,trreat
135,251.png,federal
136,124.png,and
137,165.png,rclief
138,226.png,intc
139,285.png,Intellectual
140,144.png,aily
141,259.png,of
142,266.png,by
143,234.png,state
144,134.png,cvent
145,178.png,in
146,183.png,hcreby
147,133.png,the
148,146.png,of
149,219.png,as
150,218.png,ofcalifornia
151,169.png,agree
152,221.png,apply
153,170.png,that
154,217.png,State
155,194.png,ofspecific
156,179.png,cotaining
157,244.png,jurisdiction
158,275.png,ingenes
159,137.png,breach
160,246.png,venue
161,224.png,entcred
162,182.png,reliefand
163,229.png,to
164,206.png,This
165,131.png,law
166,155.png,be
167,192.png,the
168,291.png,entire
169,277.png,Property
170,238.png,consent
171,149.png,or
172,257.png,Northern
173,290.png,the
174,148.png,breach
175,228.png,wholiy
176,232.png,wittin
177,282.png,Entire
178,151.png,the
179,241.png,nonexclusive
180,294.png,and
181,203.png,to
182,159.png,relicis
183,225.png,I
184,288.png,sets
185,188.png,ofsuch
186,280.png,Finting
187,126.png,have
188,130.png,at
189,278.png,Agrcoment
190,233.png,slich
191,267.png,either
192,284.png,Tais
193,123.png,harm
194,195.png,performance
195,263.png,lawsuit
196,175.png,security
197,258.png,District
198,208.png,Property
199,293.png,agrectalent
200,120.png,to
201,261.png,for
202,125.png,to
203,207.png,Intellectual
204,265.png,there
205,240.png,the
206,143.png,or
207,156.png,cntitled
208,119.png,applicable
209,235.png,T
210,216.png,ofthe
211,132.png,in
212,180.png,such
213,273.png,to
214,239.png,to
215,253.png,located
216,242.png,t
217,189.png,injunction
218,260.png,California
219,210.png,will
220,152.png,other
221,150.png,default
222,243.png,personal
223,127.png,no
224,121.png,Suffer
225,227.png,and
226,193.png,otdering
227,202.png,Consent
228,147.png,such
229,136.png,such
230,141.png,ad
231,252.png,courts
232,128.png,adequate
233,197.png,Gencial
234,209.png,Agreement
235,196.png,8
236,190.png,and
237,154.png,will
238,204.png,Personal
239,264.png,Med
240,215.png,laws
241,250.png,and
242,199.png,fapy
243,185.png,to
244,281.png,fby
245,223.png,contracts
246,187.png,issuance
247,230.png,be
248,176.png,shalk
249,157.png,to
250,140.png,by
251,153.png,party
252,135.png,ofany
253,297.png,the
254,191.png,to
255,283.png,Agreement
256,271.png,or
257,172.png,bond
258,211.png,be
259,254.png,in
260,164.png,equitable
261,222.png,to
262,158.png,injunctive
263,177.png,be
264,249.png,state
265,161.png,pcrformance
266,173.png,or
267,274.png,this
268,220.png,they
269,231.png,performed
270,138.png,or
271,272.png,relating
272,181.png,equitable
273,122.png,irreparable
274,237.png,expressly
275,162.png,and
276,269.png,arising
277,214.png,fhe
278,184.png,consents
279,205.png,Jurisdiction
280,213.png,by
281,200.png,Goyerning
282,198.png,Provisions
283,167.png,parties
284,296.png,between
285,255.png,the
286,160.png,specitic
287,289.png,fortill
288,276.png,Intellectual
289,279.png,i
290,142.png,party
291,168.png,further
292,247.png,of
293,292.png,f
294,201.png,Lawz
295,270.png,from
296,139.png,default
297,129.png,remcdy
298,343.png,oy
299,429.png,representatives
300,397.png,remaining
301,415.png,Property
302,319.png,to
303,390.png,are
304,443.png,assigns
305,425.png,administrators
306,420.png,in
307,309.png,merges
308,432.png,be
309,337.png,be
310,370.png,Intellectual
311,306.png,hereirs
312,446.png,Page
313,321.png,intellectual
314,359.png,or
315,447.png,Followsy
316,314.png,us
317,386.png,Inteitectual
318,361.png,
319,348.png,charged
320,414.png,Intellectual
321,392.png,void
322,388.png,
323,367.png,scope
324,396.png,the
325,360.png,compensation
326,356.png,iny
327,383.png,provisions
328,410.png,Successors
329,330.png,under
330,404.png,aid
331,419.png,binding
332,346.png,to
333,339.png,tnniess
334,441.png,successors
335,433.png,for
336,350.png,subscquent
337,416.png,Agreernent
338,324.png,Agrecment
339,393.png,by
340,442.png,and
341,438.png,Company
342,382.png,the
343,421.png,upon
344,311.png,prior
345,354.png,i
346,387.png,Property
347,448.png,Art
348,381.png,of
349,400.png,contimue
350,357.png,daties
351,449.png,
352,366.png,
353,368.png,of
354,307.png,ing
355,417.png,Will
356,341.png,writing
357,340.png,in
358,437.png,ofthe
359,413.png,This
360,363.png,affect
361,430.png,and
362,353.png,charges
363,316.png,modification
364,315.png,No
365,373.png,Agreement
366,336.png,
367,322.png,f
368,378.png,one
369,369.png,this
370,424.png,executors
371,344.png,tine
372,423.png,heirs
373,329.png,rights
374,401.png,in
375,427.png,other
376,445.png,Signature
377,312.png,discussions
378,440.png,its
379,325.png,or
380,301.png,relating
381,426.png,arid
382,399.png,Will
383,298.png,Coitpany
384,317.png,ofor
385,318.png,amendment
386,327.png,waivcr
387,313.png,between
388,323.png,Property
389,308.png,and
390,371.png,i
391,335.png,will
392,379.png,or
393,374.png,
394,349.png,Aily
395,305.png,maiter
396,334.png,Agrecincat
397,418.png,be
398,389.png,Agreement
399,408.png,
400,345.png,party
401,385.png,this
402,403.png,force
403,398.png,provisions
404,435.png,beriefit
405,351.png,change
406,434.png,the
407,439.png,and
408,428.png,iegal
409,320.png,this
410,402.png,full
411,405.png,l
412,407.png,t
413,364.png,the
414,422.png,my
415,328.png,ofany
416,332.png,Intellectual
417,375.png,fcy
418,326.png,any
419,358.png,salary
420,377.png,If
421,300.png,me
422,372.png,Property
423,304.png,subject
424,355.png,in
425,365.png,validity
426,431.png,wili
427,406.png,effect
428,412.png,Assigns
429,411.png,and
430,338.png,effective
431,333.png,Property
432,302.png,to
433,303.png,the
434,394.png,law
435,444.png,i
436,395.png,then
437,331.png,this
438,310.png,ail
439,362.png,not
440,352.png,or
441,342.png,signed
442,347.png,be
443,380.png,more
444,384.png,in
445,376.png,Severability
446,391.png,deerned
447,299.png,ared
448,436.png,indenation
449,409.png,fady
